<?xml version="1.0" ?>
<project name="SensorSimulator" default="package">

	<!-- Read properties from OpenIntents property file -->
	<property file="build.properties" />
	<property file="${build.properties.dir}/build.properties" />

	<!-- Read manifest properties , e.g. 
	     manifest(android:versionName) or manifest.package -->
	<xmlproperty file="${build.properties.dir}/AndroidManifest.xml" />
	<property name="version" value="${manifest(android:versionName)}" />
	
	<!-- The intermediates directory -->
	<!-- Eclipse uses "bin" for its own output, so we do the same. -->
	<property name="outdir" value="bin" />

	<!-- No user servicable parts below. -->

	<!-- Version number -->
	<property name="version.num" value="${version}" />
	<tstamp>
		<format property="TODAY" pattern="yyyy-MM-dd HH:mm:ss" />
	</tstamp>

	<!-- Input directories -->
	<property name="srcdir" value="src" />

	<!-- Output directories -->
	<property name="outdir-classes" value="${outdir}/classes" />
	<property name="pics" value="pics" />
	<property name="configPhone" value="${srcdir}/configPhone.txt" />
	<property name="docdir" value="doc" />

	<!-- Output file -->
	<property name="out-jar" value="${outdir}/sensorsimulator-${version}.jar" />

	<!-- Rules -->

	<!-- Create the output directories if they don't exist yet. -->
	<target name="dirs">
		<delete file="${out-jar}" />
		<mkdir dir="${outdir}" />
		<mkdir dir="${outdir-classes}" />
	</target>

	<target name="clean">
		<delete file="${out-jar}" />
		<delete dir="${outdir-classes}" />
	</target>

	<target name="clear_layout">
		<echo>purging .bak files </echo>
		<delete>
			<fileset dir="." includes="**/*.bak" />
		</delete>
	</target>


	<!-- Compile this project's .java files into .class files. -->
	<target name="compile" depends="dirs">
		<javac encoding="ascii" target="1.5" debug="true" extdirs="" srcdir="src" destdir="${outdir-classes}" />
	</target>


	<!-- Put the project's .class files into the output package file. -->
	<target name="package" depends="compile">
		<echo>Packaging java...</echo>
		<manifest file="MANIFEST.MF">
			<!-- attribute name="Built-By" value="${user.name}"/ -->
			<attribute name="Main-Class" value="org.openintents.tools.simulator.main.SensorSimulatorMain" />
			<attribute name="Implementation-Version" value="${version.num}" />
			<attribute name="Built-Date" value="${TODAY}" />
		</manifest>

		<jar destfile="${out-jar}" update="true" manifest="MANIFEST.MF">
			<fileset dir="${outdir-classes}"/>
			<fileset dir="${srcdir}" includes="${pics}/*" />
			<fileset file="${configPhone}" />
		</jar>
	</target>

	<!-- ############### JavaDoc ####################### -->
	<!-- Create JavaDoc -->
	<target name="javadoc">
		<delete dir="${docdir}" />
		<javadoc access="public" author="true" destdir="${docdir}" nodeprecated="false" nodeprecatedlist="false" noindex="false" nonavbar="false" notree="false" source="1.6" sourcepath="${srcdir}" splitindex="true" use="true" version="true">
		</javadoc>
	</target>

	<!-- ############ Convencience target ############## -->
	<target name="all" depends="package, javadoc" />

</project>
